name_full,lat,lng,types
"Unidad Quirúrgica Montgober, Juarez, Ciudad De Mexico",19.41551519999999,-99.1573036,"['hospital', 'health', 'point_of_interest', 'establishment']"
"Hospital Santiago Amoltepec. En proceso de construcción., Santiago Amoltepec, Oaxaca",16.6526201,-97.5007309,"['hospital', 'health', 'point_of_interest', 'establishment']"
"Hospitalito, Jesus Maria, Ciudad De Mexico",19.4478113,-99.1124633,"['hospital', 'health', 'point_of_interest', 'establishment']"
"Unión Médica Adame, Jesus Maria, Colima",19.2447574,-103.7236901,"['hospital', 'health', 'point_of_interest', 'establishment']"
"UMR Pantepec, Pantepec, Oaxaca",20.5212368,-97.9394755,"['hospital', 'health', 'point_of_interest', 'establishment']"
"Grupo Medico Familiar De Saltillo, Saltillo, Coahuila De Zaragoza",25.4373815,-100.983532,"['hospital', 'health', 'point_of_interest', 'establishment']"
"UMAA N°7 / IMSS, San Pedro, Mexico",25.6742839,-100.4071179,"['hospital', 'health', 'point_of_interest', 'establishment']"
"Hospital General del Sur, La Independencia, Puebla",18.9866737,-98.2418728,"['hospital', 'health', 'point_of_interest', 'establishment']"
"Clinica Asunción, Aguascalientes, Aguascalientes",21.8674255,-102.2862562,"['hospital', 'health', 'point_of_interest', 'establishment']"
"Centro De Salud Carolinas SSA, Torreon, Coahuila De Zaragoza",25.554593,-103.409134,"['hospital', 'health', 'point_of_interest', 'establishment']"
"Uneme Sorid Enfermedades Cronicas Rincon de Romos, Rincon De Romos, Ciudad De Mexico",22.22318,-102.3310621,"['hospital', 'health', 'point_of_interest', 'establishment']"
"Pediatría y Neonatología, Cosio, Ciudad De Mexico",19.3997904,-99.1729311,"['hospital', 'doctor', 'health', 'point_of_interest', 'establishment']"
"NUEVO HOSPITAL DE PABELLON DE ARTEAGA, Pabellon De Arteaga, Morelos",22.1419052,-102.2900845,"['hospital', 'health', 'point_of_interest', 'establishment']"
"Uneme CAPA, Calvillo, Baja California Sur",21.8528354,-102.6970004,"['hospital', 'health', 'point_of_interest', 'establishment']"
"Centro de salud Ixhuatán, Ixhuatan, Sonora",17.292227,-93.00825100000002,"['hospital', 'health', 'point_of_interest', 'establishment']"
"Adquisiciones Isapeg, Juarez, Guanajuato",21.0266709,-101.2545865,"['hospital', 'health', 'point_of_interest', 'establishment']"
"Clínica Lupita Fundación LAFONT S. C., Villa Union, Chihuahua",28.69569160000001,-106.1092836,"['hospital', 'health', 'point_of_interest', 'establishment']"
"Hrp 2Motozintla Imss, Motozintla, Mexico",15.3546042,-92.24717079999999,"['hospital', 'health', 'point_of_interest', 'establishment']"
"Clínica Hospital Nuestra Señora de Guadalupe, Jesus Maria, Tlaxcala",19.3024973,-98.2373693,"['hospital', 'health', 'point_of_interest', 'establishment']"
"Hospital De Calzado, Asientos, Ciudad De Mexico",19.4342704,-99.1353127,"['hospital', 'health', 'point_of_interest', 'establishment']"
"centro de salud rural, Tzimol, Mexico",16.1717379,-92.1956311,"['hospital', 'health', 'point_of_interest', 'establishment']"
"Coloproctología, El Llano, Ciudad De Mexico",19.2999095,-99.13532479999999,"['hospital', 'health', 'point_of_interest', 'establishment']"
"nuevo hospital Pabellon de Arteaga, Pabellon De Arteaga, Ciudad De Mexico",22.1461137,-102.2919726,"['hospital', 'health', 'point_of_interest', 'establishment']"
"Centro de Salud Jiménez, Jimenez, Ciudad De Mexico",27.1183528,-104.9026354,"['hospital', 'health', 'point_of_interest', 'establishment']"
"Uneme Sorid Enfermedades Cronicas Rincon de Romos, Rincon De Romos, Durango",22.22318,-102.3310621,"['hospital', 'health', 'point_of_interest', 'establishment']"
"Clínica de Rehabilitación El Arca De La Nueva Vida, Sabinas, San Luis Potosi",22.1319503,-100.9039713,"['hospital', 'health', 'point_of_interest', 'establishment']"
"OMNIrehab, Matamoros, Ciudad De Mexico",19.3567282,-99.1868074,"['hospital', 'health', 'point_of_interest', 'establishment']"
"HGZMF 6, Parras, Mexico",25.4379635,-102.1955085,"['hospital', 'health', 'point_of_interest', 'establishment']"
"Zapata Laboratorio Playas, Matamoros, Nayarit",32.48138300000001,-116.889183,"['hospital', 'health', 'point_of_interest', 'establishment']"
"Uneme CAPA, Calvillo, Ciudad De Mexico",21.8528354,-102.6970004,"['hospital', 'health', 'point_of_interest', 'establishment']"
"Grupo Médico Zaragoza, Jimenez, Queretaro",20.5860754,-100.3975648,"['hospital', 'doctor', 'health', 'point_of_interest', 'establishment']"
"LA CHICALOTERA, Benemerito De Las Americas, Puebla",19.059273,-98.2216598,"['hospital', 'health', 'point_of_interest', 'establishment']"
"Unión Médica Adame, Asientos, Colima",19.2447574,-103.7236901,"['hospital', 'health', 'point_of_interest', 'establishment']"
"Casa del loco, El Llano, Colima",19.2538916,-103.7387081,"['hospital', 'health', 'point_of_interest', 'establishment']"
"Laboratorio de Diagnóstico Clínico, Monclova, Coahuila De Zaragoza",26.9022925,-101.4150413,"['hospital', 'health', 'point_of_interest', 'establishment']"
"Centro de Salud Trinitaria, La Trinitaria, Mexico",16.130552,-92.0521109,"['hospital', 'health', 'point_of_interest', 'establishment']"
"Dispensario Mosén Sol de Fátima, Hidalgo, Ciudad De Mexico",19.4439339,-99.2105215,"['hospital', 'health', 'point_of_interest', 'establishment']"
"Centro de Salud, San Jose De Gracia, Ciudad De Mexico",22.1502069,-102.4162828,"['hospital', 'health', 'point_of_interest', 'establishment']"
"Centro De Salud, Mazapa De Madero, Michoacan De Ocampo",15.3893156,-92.1857465,"['hospital', 'health', 'point_of_interest', 'establishment']"
"Toxicological Medical Unit Venustiano Carranza, Venustiano Carranza, Mexico",19.4212723,-99.06894439999999,"['hospital', 'health', 'point_of_interest', 'establishment']"
"CONSULTORIOS MÉDICOS Ramos Arizpe, Ramos Arizpe, Coahuila De Zaragoza",25.52130649999999,-100.9335786,"['hospital', 'health', 'point_of_interest', 'establishment']"
"Consultorio medico integral SOPHIA, Huitiupan, Jalisco",17.1717455,-92.68423039999999,"['hospital', 'health', 'point_of_interest', 'establishment']"
"nuevo hospital Pabellon de Arteaga, Pabellon De Arteaga, Sinaloa",22.1461137,-102.2919726,"['hospital', 'health', 'point_of_interest', 'establishment']"
"UMF San Francisco de los Romo, San Francisco De Los Romo, Sinaloa",22.0797074,-102.2754782,"['hospital', 'health', 'point_of_interest', 'establishment']"
"Unidad de Hemodialisis Covadonga, Pichucalco, Veracruz De Ignacio De La Llave",18.844006,-97.108356,"['hospital', 'health', 'point_of_interest', 'establishment']"
"Centro Multidisciplinario de Diabetes de la Ciudad de Mexico San Rafael, Guerrero, Ciudad De Mexico",19.4343559,-99.1589127,"['hospital', 'health', 'point_of_interest', 'establishment']"
"Centro de Salud, San Jose De Gracia, Quintana Roo",22.1502069,-102.4162828,"['hospital', 'health', 'point_of_interest', 'establishment']"
"Hospital Santa Lucia, Ramos Arizpe, Guanajuato",25.5401275,-100.9574715,"['hospital', 'health', 'point_of_interest', 'establishment']"
"CSU PIJIJIAPAN, Pijijiapan, Puebla",15.6927705,-93.2104775,"['hospital', 'health', 'point_of_interest', 'establishment']"
"Centro Médico Nutricional, Lamadrid, Ciudad De Mexico",19.392644,-99.17610200000001,"['hospital', 'health', 'point_of_interest', 'establishment']"
"UMF San Francisco de los Romo, San Francisco De Los Romo, Ciudad De Mexico",22.0797074,-102.2754782,"['hospital', 'health', 'point_of_interest', 'establishment']"
"Rural Hospital 51, San Buenaventura, Mexico",27.046721,-101.5510539,"['hospital', 'health', 'point_of_interest', 'establishment']"
"Hospital Regional Bicentenario, Villaflores, Mexico",16.2582171,-93.2650007,"['hospital', 'health', 'point_of_interest', 'establishment']"
"IMSS HRO No. 32 Ocosingo, Ocosingo, Puebla",16.9013963,-92.0868775,"['hospital', 'health', 'point_of_interest', 'establishment']"
"ISSSTE Unidad Médica Familiar, Mapastepec, Hidalgo",15.4504997,-92.88993339999999,"['hospital', 'health', 'point_of_interest', 'establishment']"
"Comedores De Hospitales, Ocotepec, Mexico",18.9475476,-99.2243761,"['hospital', 'health', 'point_of_interest', 'establishment']"
"Uneme Sorid Enfermedades Cronicas Rincon de Romos, Rincon De Romos, Aguascalientes",22.22318,-102.3310621,"['hospital', 'health', 'point_of_interest', 'establishment']"
"Centro De Salud, Aguascalientes, Baja California",32.281873,-115.093788,"['hospital', 'health', 'point_of_interest', 'establishment']"
"Clínica INNOVA, Piedras Negras, Morelos",28.70480409999999,-100.5167229,"['hospital', 'health', 'point_of_interest', 'establishment']"
"Veterinaria Villarreal, Morelos, Nuevo Leon",25.1904441,-99.8267395,"['hospital', 'health', 'point_of_interest', 'establishment']"
"UMF Unidad De Medicina Familiar Clinica #11 Del IMSS, Juarez, Sinaloa",24.6619986,-107.538725,"['hospital', 'health', 'point_of_interest', 'establishment']"
"U.M.F ISSSTE Jiquipilas, Jiquipilas, Nuevo Leon",16.6616322,-93.6424737,"['hospital', 'health', 'point_of_interest', 'establishment']"
"Family Medicine Unit No.78 IMSS, Zaragoza, Tamaulipas",27.4834717,-99.5042624,"['hospital', 'health', 'point_of_interest', 'establishment']"
"UMR Pantepec, Pantepec, Jalisco",20.5212368,-97.9394755,"['hospital', 'health', 'point_of_interest', 'establishment']"
"Centro de Salud Oriente, Monclova, Morelos",26.908209,-101.4270129,"['hospital', 'health', 'point_of_interest', 'establishment']"
"Dr. Julio M. Cacho Salazar, Santiago El Pinar, Puebla",19.0364168,-98.2022727,"['hospital', 'health', 'point_of_interest', 'establishment']"
"Consultorio medico integral SOPHIA, Huitiupan, Mexico",17.1717455,-92.68423039999999,"['hospital', 'health', 'point_of_interest', 'establishment']"
"Fundacion de Beneficiencia Privada Hospital de Jesús, El Parral, Mexico",26.9502108,-105.6483843,"['hospital', 'health', 'point_of_interest', 'establishment']"
"nuevo hospital Pabellon de Arteaga, Pabellon De Arteaga, Aguascalientes",22.1461137,-102.2919726,"['hospital', 'health', 'point_of_interest', 'establishment']"
"Pediatria, Rayon, Jalisco",20.65969879999999,-103.3496092,"['hospital', 'health', 'point_of_interest', 'establishment']"
"Consultorio medico integral SOPHIA, Huitiupan, Nuevo Leon",17.1717455,-92.68423039999999,"['hospital', 'health', 'point_of_interest', 'establishment']"
"Taller Champion, Cosio, Tabasco",17.9756172,-92.9618686,"['hospital', 'health', 'point_of_interest', 'establishment']"
"OdontoArt, Monclova, Sinaloa",26.9151107,-101.3941,"['hospital', 'health', 'point_of_interest', 'establishment']"
"Torre Medica Santa María, Aguascalientes, Quintana Roo",21.882964,-102.2846426,"['hospital', 'health', 'point_of_interest', 'establishment']"
"CENTRO DE DIAGNOSTICO AUDIOLOGICO Y OTONEUROLOGICO DE TUXTLA SA DE CV, Tuxtla Gutierrez, Chiapas",16.7645166,-93.12346,"['hospital', 'doctor', 'health', 'point_of_interest', 'establishment']"
"CMQ, Muzquiz, Guanajuato",20.5199212,-100.8041387,"['hospital', 'health', 'point_of_interest', 'establishment']"
"Victor Manuel Flores Carrillo, Santa Lucia Del Camino, Oaxaca",17.0564998,-96.72461369999999,"['hospital', 'health', 'point_of_interest', 'establishment']"
"Consultorio Médico/Medical Centrer, Palenque, Chiapas",17.5111815,-91.98011059999999,"['hospital', 'health', 'point_of_interest', 'establishment']"
"HOSPITAL GENERAL VIRGINIA AYALA, Sabinas, Jalisco",26.4964432,-100.1729852,"['hospital', 'health', 'point_of_interest', 'establishment']"
"Centro De Salud 2 N.B. San Dionisio Ocotepec, Oax, San Dionisio Ocotepec, Veracruz De Ignacio De La Llave",16.8020671,-96.3967084,"['hospital', 'health', 'point_of_interest', 'establishment']"
"nuevo hospital Pabellon de Arteaga, Pabellon De Arteaga, Nuevo Leon",22.1461137,-102.2919726,"['hospital', 'health', 'point_of_interest', 'establishment']"
"Laboratorio de Diagnóstico Clínico, Monclova, Sonora",26.9022925,-101.4150413,"['hospital', 'health', 'point_of_interest', 'establishment']"
"Centro Medico Quirurgico Galeno, Animas Trujano, Puebla",17.0119624,-96.71246599999999,"['hospital', 'health', 'point_of_interest', 'establishment']"
"UMF San Francisco de los Romo, San Francisco De Los Romo, Mexico",22.0797074,-102.2754782,"['hospital', 'health', 'point_of_interest', 'establishment']"
"Centro De Salud, Hidalgo, Tabasco",18.25499,-93.30688200000002,"['hospital', 'health', 'point_of_interest', 'establishment']"
"Centro de Salud Soyaló, Soyalo, Puebla",16.8894151,-92.91452439999999,"['hospital', 'health', 'point_of_interest', 'establishment']"
"Veterinaria Y Estetica SERVICIOS CANINOS, Matamoros, Sinaloa",25.82225,-97.50559899999999,"['hospital', 'health', 'point_of_interest', 'establishment']"
"CENTRO DE DIAGNOSTICO AUDIOLOGICO Y OTONEUROLOGICO DE TUXTLA SA DE CV, Tuxtla Gutierrez, Mexico",16.7645166,-93.12346,"['hospital', 'doctor', 'health', 'point_of_interest', 'establishment']"
"ENFERMERIA V.I.P. JJVILLEWAGEN, Nava, Tamaulipas",28.4268779,-100.7768369,"['hospital', 'health', 'point_of_interest', 'establishment']"
"Clínica Dental Patria, Sabinas, Veracruz De Ignacio De La Llave",21.329852,-97.881081,"['dentist', 'hospital', 'doctor', 'cafe', 'food', 'health', 'point_of_interest', 'store', 'establishment']"
"IMSS Hospital Rural IMSS-PROSPERA San Ildefonso Villa Alta, San Cristobal Lachirioag, Veracruz De Ignacio De La Llave",17.3356147,-96.1451259,"['hospital', 'health', 'point_of_interest', 'establishment']"
"UMR OCOTEOEC, Ocotepec, Michoacan De Ocampo",19.5557981,-97.65536039999999,"['hospital', 'health', 'point_of_interest', 'establishment']"
"9442439462, Saltillo, Sonora",25.4299943,-100.9259483,"['hospital', 'health', 'point_of_interest', 'establishment']"
"Clínica San Rafael, San Juan Chicomezuchil, Puebla",19.0899488,-98.2281852,"['hospital', 'health', 'point_of_interest', 'establishment']"
"Sutter Spiritual Care, Sacramento, Sonora",38.5708342,-121.4694115,"['hospital', 'health', 'point_of_interest', 'establishment']"
"nuevo hospital Pabellon de Arteaga, Pabellon De Arteaga, Jalisco",22.1461137,-102.2919726,"['hospital', 'health', 'point_of_interest', 'establishment']"
"Sokolov n Sokolov, MD, Sacramento, Morelos",38.57320139999999,-121.4118988,"['hospital', 'health', 'point_of_interest', 'establishment']"
"Centro de Salud, San Jose De Gracia, Mexico",22.1502069,-102.4162828,"['hospital', 'health', 'point_of_interest', 'establishment']"
"IMSS U.M.F N° 79, Piedras Negras, Coahuila De Zaragoza",28.7043692,-100.5261898,"['hospital', 'health', 'point_of_interest', 'establishment']"
"Hospital Publico, San Juan Cacahuatepec, Puebla",16.6153078,-98.1621548,"['hospital', 'health', 'point_of_interest', 'establishment']"
"City Creek Post Acute, Sacramento, Guerrero",38.49122159999999,-121.4316259,"['hospital', 'health', 'point_of_interest', 'establishment']"
"GRUPO MEDICO HUATULCO, Santa Maria Huatulco, Oaxaca",15.8280251,-96.32021449999999,"['hospital', 'health', 'point_of_interest', 'establishment']"
"Playa linda, Ixtapa, Tlaxcala",17.6725361,-101.6079106,"['hospital', 'health', 'point_of_interest', 'establishment']"
"Laboratorio de Diagnóstico Clínico, Monclova, Mexico",26.9022925,-101.4150413,"['hospital', 'health', 'point_of_interest', 'establishment']"
"Depto De Inmunologia Del H U, Progreso, Nuevo Leon",25.6876946,-100.3487745,"['hospital', 'health', 'point_of_interest', 'establishment']"
"Uneme CAPA, Calvillo, Campeche",21.8528354,-102.6970004,"['hospital', 'health', 'point_of_interest', 'establishment']"
"ISSSTE Unidad Medica Familiar Ciudad Hidalgo, Suchiate, Veracruz De Ignacio De La Llave",14.625187,-92.243931,"['hospital', 'health', 'point_of_interest', 'establishment']"
"Mexican Red Cross, Jesus Maria, Mexico",20.6087664,-102.2200391,"['hospital', 'health', 'point_of_interest', 'establishment']"
"IMSS UMF No. 74, Nadadores, Morelos",27.026445,-101.5937961,"['hospital', 'health', 'point_of_interest', 'establishment']"
"Comedores De Hospitales, Ocotepec, Sonora",18.9475476,-99.2243761,"['hospital', 'health', 'point_of_interest', 'establishment']"
"Playa linda, Ixtapa, Veracruz De Ignacio De La Llave",17.6725361,-101.6079106,"['hospital', 'health', 'point_of_interest', 'establishment']"
"nuevo hospital Pabellon de Arteaga, Pabellon De Arteaga, Coahuila De Zaragoza",22.1461137,-102.2919726,"['hospital', 'health', 'point_of_interest', 'establishment']"
"hospital z cruz, Muzquiz, Nayarit",27.8733082,-101.5037229,"['hospital', 'health', 'point_of_interest', 'establishment']"
"IMMS Unidad Médica Rural Tuzantán, Tuzantan, Mexico",15.1483168,-92.4210069,"['hospital', 'health', 'point_of_interest', 'establishment']"
"Denta Solutions, Matamoros, Guanajuato",25.8608606,-97.5129,"['hospital', 'health', 'point_of_interest', 'establishment']"
"CLINIC, Ixtacomitan, Oaxaca",17.4311323,-93.0984594,"['hospital', 'health', 'point_of_interest', 'establishment']"
"Clínica Hospital Nuestra Señora de Guadalupe, Jimenez, Tlaxcala",19.3024973,-98.2373693,"['hospital', 'health', 'point_of_interest', 'establishment']"
"CRIT, Santa Cruz Xoxocotlan, Oaxaca",16.9959319,-96.75542139999999,"['premise', 'hospital', 'health', 'point_of_interest', 'establishment']"
"Centro de adicciones, Matamoros, Coahuila De Zaragoza",25.5381913,-103.2400025,"['hospital', 'health', 'point_of_interest', 'establishment']"
"Diagnósitco Por Imagen, Ramos Arizpe, Tamaulipas",22.2489345,-97.8394998,"['hospital', 'health', 'point_of_interest', 'establishment']"
"Uneme Sorid Enfermedades Cronicas Rincon de Romos, Rincon De Romos, Tabasco",22.22318,-102.3310621,"['hospital', 'health', 'point_of_interest', 'establishment']"
"Miguel, Sabinas, Tlaxcala",27.8464221,-101.1147922,"['hospital', 'health', 'point_of_interest', 'establishment']"
"Clinica del dolor y cuidados paliativos, Hidalgo, Tlaxcala",19.3183514,-98.2440403,"['hospital', 'health', 'point_of_interest', 'establishment']"
"IMSS U.M.F N° 79, Piedras Negras, Mexico",28.7043692,-100.5261898,"['hospital', 'health', 'point_of_interest', 'establishment']"
"LA CHICALOTERA, Juarez, Puebla",19.059273,-98.2216598,"['hospital', 'health', 'point_of_interest', 'establishment']"
"Consultorio medico integral SOPHIA, Huitiupan, Veracruz De Ignacio De La Llave",17.1717455,-92.68423039999999,"['hospital', 'health', 'point_of_interest', 'establishment']"
"nuevo hospital Pabellon de Arteaga, Pabellon De Arteaga, Queretaro",22.1461137,-102.2919726,"['hospital', 'health', 'point_of_interest', 'establishment']"
"Clínica ISSTECH, Pijijiapan, Hidalgo",15.6780933,-93.2130634,"['hospital', 'health', 'point_of_interest', 'establishment']"
"Grupo Medico Huajucar, Calvillo, Quintana Roo",21.8463761,-102.7189687,"['hospital', 'health', 'point_of_interest', 'establishment']"
"IMSS UMF No. 74, Nadadores, Hidalgo",27.026445,-101.5937961,"['hospital', 'health', 'point_of_interest', 'establishment']"
"Uneme CAPA, Calvillo, Tabasco",21.8528354,-102.6970004,"['hospital', 'health', 'point_of_interest', 'establishment']"
"Experiencia, Asientos, Mexico",22.2561935,-102.0812964,"['hospital', 'health', 'point_of_interest', 'establishment']"
"Clinica Dental Camino Real, Monclova, Nuevo Leon",25.7936879,-100.3803071,"['hospital', 'dentist', 'health', 'point_of_interest', 'establishment']"
"Health Center San Miguel Xaltipan, San Pedro, Tlaxcala",19.3214085,-98.1611662,"['hospital', 'health', 'point_of_interest', 'establishment']"
"Centro Médico ""Encinos"", Aguascalientes, Jalisco",21.9233592,-102.2688814,"['hospital', 'health', 'point_of_interest', 'establishment']"
"Centro de salud Tuzantla, Tuzantan, Michoacan De Ocampo",19.2094919,-100.5719141,"['hospital', 'health', 'point_of_interest', 'establishment']"
"IMSS Hospital Rural IMSS-PROSPERA San Ildefonso Villa Alta, San Ildefonso Villa Alta, Puebla",17.3356147,-96.1451259,"['hospital', 'health', 'point_of_interest', 'establishment']"
"Yóo Béen Temazcal Sauna, San Mateo Rio Hondo, Oaxaca",16.175839,-96.50969669999999,"['hospital', 'health', 'point_of_interest', 'establishment']"
"Imss Madero, Las Margaritas, Michoacan De Ocampo",19.7029789,-101.2019071,"['hospital', 'health', 'point_of_interest', 'establishment']"
"Amerimed Puerta Maya, Cosio, Quintana Roo",20.4755948,-86.97319519999999,"['hospital', 'health', 'point_of_interest', 'establishment']"
"Experiencia, Asientos, Campeche",22.2561935,-102.0812964,"['hospital', 'health', 'point_of_interest', 'establishment']"
"Clinica Ferrer, Lamadrid, Veracruz De Ignacio De La Llave",19.9729565,-97.210898,"['hospital', 'health', 'point_of_interest', 'establishment']"
"UMF San Francisco de los Romo, San Francisco De Los Romo, Guanajuato",22.0797074,-102.2754782,"['hospital', 'health', 'point_of_interest', 'establishment']"
"Cruz Roja, Aguascalientes, Sinaloa",21.8613155,-102.3032217,"['hospital', 'health', 'point_of_interest', 'establishment']"
"Centro De Salud, Mazapa De Madero, Mexico",15.3893156,-92.1857465,"['hospital', 'health', 'point_of_interest', 'establishment']"
"clinica soledad, Torreon, Michoacan De Ocampo",19.7135247,-101.2074028,"['hospital', 'health', 'point_of_interest', 'establishment']"
"Experiencia, Asientos, Aguascalientes",22.2561935,-102.0812964,"['hospital', 'health', 'point_of_interest', 'establishment']"
"CESA Villa Juárez, Las Margaritas, Chihuahua",28.6093093,-106.0103591,"['hospital', 'health', 'point_of_interest', 'establishment']"
"CLINIC, Ixtacomitan, Sonora",17.4311323,-93.0984594,"['hospital', 'health', 'point_of_interest', 'establishment']"
"Centro De Salud, San Sebastian Teitipac, Oaxaca",16.9514061,-96.614204,"['hospital', 'health', 'point_of_interest', 'establishment']"
"Consultorio medico integral SOPHIA, Huitiupan, Tlaxcala",17.1717455,-92.68423039999999,"['hospital', 'health', 'point_of_interest', 'establishment']"
"Queretato, Torreon, San Luis Potosi",22.154198,-100.9203461,"['hospital', 'health', 'point_of_interest', 'establishment']"
"Centro de Salud Jiménez, Jimenez, Mexico",27.1183528,-104.9026354,"['hospital', 'health', 'point_of_interest', 'establishment']"
"CLÍNICA SANTA FE, Aguascalientes, Guanajuato",20.9938796,-101.2819312,"['hospital', 'health', 'point_of_interest', 'establishment']"
"Miguel, Sabinas, Durango",27.8464221,-101.1147922,"['hospital', 'health', 'point_of_interest', 'establishment']"
"Sólo mascotas, Aguascalientes, Tabasco",21.9265715,-102.3131217,"['hospital', 'health', 'point_of_interest', 'establishment']"
"Centro de Salud, Santa Maria Atzompa, Oaxaca",17.1079031,-96.7472233,"['hospital', 'health', 'point_of_interest', 'establishment']"
"Centro de Salud Totolapa, Totolapa, Jalisco",16.54331,-92.6756832,"['hospital', 'health', 'point_of_interest', 'establishment']"
"Hospital de Tecnologia y Cómputo., Aguascalientes, Campeche",21.897808,-102.317267,"['hospital', 'health', 'point_of_interest', 'establishment']"
"Wic Clinic, Hidalgo, Hidalgo",26.1029667,-98.25473020000001,"['hospital', 'health', 'point_of_interest', 'establishment']"
"Clinica 110imss, Tonala, Jalisco",20.6005042,-103.245242,"['hospital', 'health', 'point_of_interest', 'establishment']"
"Clinic, Tuxtla Chico, Michoacan De Ocampo",14.9390923,-92.1605886,"['hospital', 'health', 'point_of_interest', 'establishment']"
"Grupo La Alegria De Vivir Con Alateen, Reforma, Jalisco",20.6801821,-103.3477593,"['hospital', 'health', 'point_of_interest', 'establishment']"
"Centro San Andrés duraznal, San Andres Duraznal, Mexico",17.1324596,-92.80438699999999,"['hospital', 'health', 'point_of_interest', 'establishment']"
"UMF San Francisco de los Romo, San Francisco De Los Romo, Veracruz De Ignacio De La Llave",22.0797074,-102.2754782,"['hospital', 'health', 'point_of_interest', 'establishment']"
"centro de Salud, Calvillo, Tamaulipas",25.8181201,-97.52327249999999,"['hospital', 'health', 'point_of_interest', 'establishment']"
"Médico Especialista Adultos y Niños., Tuxtla Gutierrez, Yucatan",16.7752757,-93.08010630000001,"['hospital', 'health', 'point_of_interest', 'establishment']"
"IMSS. Hospital Rural de Solidaridad (Oportunidades), Guerrero, Morelos",30.7095367,-115.9931749,"['hospital', 'premise', 'health', 'point_of_interest', 'establishment']"
"Uneme Sorid Enfermedades Cronicas Rincon de Romos, Rincon De Romos, Guanajuato",22.22318,-102.3310621,"['hospital', 'health', 'point_of_interest', 'establishment']"
"German García, Tuxtla Gutierrez, Jalisco",16.74002,-93.187325,"['hospital', 'health', 'point_of_interest', 'establishment']"
"Sanatorio Queretaro, Lamadrid, Queretaro",20.5727805,-100.3894681,"['hospital', 'health', 'point_of_interest', 'establishment']"
"Clinic, Tuxtla Chico, Yucatan",14.9390923,-92.1605886,"['hospital', 'health', 'point_of_interest', 'establishment']"
"UMF ISSSTE Emiliano Zapata, Asientos, Morelos",18.8211195,-99.19131300000001,"['hospital', 'health', 'point_of_interest', 'establishment']"
"Servicios Medicos Comedic, San Jose Chiltepec, Puebla",17.9496543,-96.17012509999999,"['hospital', 'health', 'point_of_interest', 'establishment']"
"IMSS Hospital of Traumatology and Orthopedics, Reforma, Puebla",19.055589,-98.2145048,"['hospital', 'health', 'point_of_interest', 'establishment']"
"Dream Link, Jesus Maria, Aguascalientes",21.943338,-102.3249397,"['hospital', 'health', 'point_of_interest', 'establishment']"
"Hospital Regional Bicentenario, Villaflores, Jalisco",16.2582171,-93.2650007,"['hospital', 'health', 'point_of_interest', 'establishment']"
"ISSSTE Unidad Médica Familiar, Mapastepec, Puebla",15.4504997,-92.88993339999999,"['hospital', 'health', 'point_of_interest', 'establishment']"
"HOSPITAL GENERAL VIRGINIA AYALA, Sabinas, Hidalgo",26.4964432,-100.1729852,"['hospital', 'health', 'point_of_interest', 'establishment']"
"HGZMF 6, Parras, Hidalgo",25.4379635,-102.1955085,"['hospital', 'health', 'point_of_interest', 'establishment']"
"Consultorio medico integral SOPHIA, Huitiupan, Michoacan De Ocampo",17.1717455,-92.68423039999999,"['hospital', 'health', 'point_of_interest', 'establishment']"
"nuevo hospital Pabellon de Arteaga, Pabellon De Arteaga, Chihuahua",22.1461137,-102.2919726,"['hospital', 'health', 'point_of_interest', 'establishment']"
"Casa Hogar Colibri, San Francisco De Los Romo, San Luis Potosi",22.0500346,-102.3011406,"['hospital', 'health', 'point_of_interest', 'establishment']"
"Centro De Salud Tumbala, Chiapas., Tumbala, Jalisco",17.2786562,-92.3163886,"['hospital', 'health', 'point_of_interest', 'establishment']"
"Centro de Salud Soyaló, Soyalo, Veracruz De Ignacio De La Llave",16.8894151,-92.91452439999999,"['hospital', 'health', 'point_of_interest', 'establishment']"
"Centro De Salud, Mazapa De Madero, Jalisco",15.3893156,-92.1857465,"['hospital', 'health', 'point_of_interest', 'establishment']"
"Consultorio medico integral SOPHIA, Huitiupan, Hidalgo",17.1717455,-92.68423039999999,"['hospital', 'health', 'point_of_interest', 'establishment']"
"CENTRO DE SALUD SAN ANTONIO JUANACAXTLE, Salto De Agua, Jalisco",20.5302823,-103.1566831,"['hospital', 'health', 'point_of_interest', 'establishment']"
"Hospital De Calzado, Tepezala, Ciudad De Mexico",19.4342704,-99.1353127,"['hospital', 'health', 'point_of_interest', 'establishment']"
"""Ixtlero"", Ramos Arizpe, Chiapas",25.5378236,-100.9486679,"['hospital', 'health', 'point_of_interest', 'establishment']"
"Centro De Salud Carolinas SSA, Torreon, Mexico",25.554593,-103.409134,"['hospital', 'health', 'point_of_interest', 'establishment']"
"Centro San Andrés duraznal, San Andres Duraznal, Jalisco",17.1324596,-92.80438699999999,"['hospital', 'health', 'point_of_interest', 'establishment']"
"Clinica Cola De Caballo, Juarez, Nuevo Leon",25.6663614,-100.1300549,"['hospital', 'health', 'point_of_interest', 'establishment']"
"UMF HGZ1, Villa Union, Guanajuato",21.0142951,-101.2645865,"['hospital', 'health', 'point_of_interest', 'establishment']"
"UMF San Francisco de los Romo, San Francisco De Los Romo, Quintana Roo",22.0797074,-102.2754782,"['hospital', 'health', 'point_of_interest', 'establishment']"
"IMSS UMF No. 74, Nadadores, Mexico",27.026445,-101.5937961,"['hospital', 'health', 'point_of_interest', 'establishment']"
"CLÍNICA DE ESPECIALIDADES DEL VALLE, Santa Maria Del Tule, Oaxaca",17.0608687,-96.6503429,"['hospital', 'health', 'point_of_interest', 'establishment']"
"CLINICA IMSS, Villa De Tamazulapam Del Progreso, Oaxaca",17.6719425,-97.5651386,"['hospital', 'premise', 'health', 'point_of_interest', 'establishment']"
"U.M.R. MEDIA LUNA, Oxchuc, Mexico",16.7914027,-92.3447757,"['hospital', 'health', 'point_of_interest', 'establishment']"
"nuevo hospital Pabellon de Arteaga, Pabellon De Arteaga, Oaxaca",22.1461137,-102.2919726,"['hospital', 'health', 'point_of_interest', 'establishment']"
"Riverstone Medical Plaza, Reforma, Mexico",32.2952425,-110.9705574,"['hospital', 'health', 'point_of_interest', 'establishment']"
"Taller mecanico, San Jose De Gracia, Tabasco",19.9825104,-103.023241,"['hospital', 'health', 'point_of_interest', 'establishment']"
"Centro De Salud, Mazapa De Madero, Guerrero",15.3893156,-92.1857465,"['hospital', 'health', 'point_of_interest', 'establishment']"
"CSU PIJIJIAPAN, Pijijiapan, Michoacan De Ocampo",15.6927705,-93.2104775,"['hospital', 'health', 'point_of_interest', 'establishment']"
"Cruz Roja, Aguascalientes, Nayarit",21.8613155,-102.3032217,"['hospital', 'health', 'point_of_interest', 'establishment']"
"HGZMF 6, Parras, Tlaxcala",25.4379635,-102.1955085,"['hospital', 'health', 'point_of_interest', 'establishment']"
"Uneme CAPA, Calvillo, Hidalgo",21.8528354,-102.6970004,"['hospital', 'health', 'point_of_interest', 'establishment']"
"Clinica Asunción, Aguascalientes, Mexico",21.8674255,-102.2862562,"['hospital', 'health', 'point_of_interest', 'establishment']"
"Oxoxo, Matamoros, Sonora",32.4874377,-116.8818659,"['hospital', 'health', 'point_of_interest', 'establishment']"
"UMF San Francisco de los Romo, San Francisco De Los Romo, Campeche",22.0797074,-102.2754782,"['hospital', 'health', 'point_of_interest', 'establishment']"
"Centro De Salud Tumbala, Chiapas., Tumbala, Michoacan De Ocampo",17.2786562,-92.3163886,"['hospital', 'health', 'point_of_interest', 'establishment']"
"IMSS HRO No. 32 Ocosingo, Ocosingo, Tlaxcala",16.9013963,-92.0868775,"['hospital', 'health', 'point_of_interest', 'establishment']"
"Centro De Salud, Socoltenango, Veracruz De Ignacio De La Llave",16.2367858,-92.3497301,"['hospital', 'health', 'point_of_interest', 'establishment']"
"Centro de Salud San Francisco Telixtlauaca, San Pablo Huitzo, Oaxaca",17.2904147,-96.90315369999999,"['hospital', 'health', 'point_of_interest', 'establishment']"
"Hospital Básico Comunitario de Tapilula, Tapilula, Mexico",17.2558995,-93.0170885,"['hospital', 'health', 'point_of_interest', 'establishment']"
"CLINIC, Ixtacomitan, Tlaxcala",17.4311323,-93.0984594,"['hospital', 'health', 'point_of_interest', 'establishment']"
"Hospital de Nuestra Señora de la Salud, Muzquiz, San Luis Potosi",22.1388515,-100.9410239,"['hospital', 'health', 'point_of_interest', 'establishment']"
"UMR OCOTEOEC, Ocotepec, Tlaxcala",19.5557981,-97.65536039999999,"['hospital', 'health', 'point_of_interest', 'establishment']"
"HOSPITAL DE LA COMUNIDAD Temascal, Sn Miguel Soyaltepec, San Miguel Soyaltepec, Oaxaca",18.2475214,-96.3942857,"['hospital', 'health', 'point_of_interest', 'establishment']"
"Rural Hospital 51, San Buenaventura, Nuevo Leon",27.046721,-101.5510539,"['hospital', 'health', 'point_of_interest', 'establishment']"
"Centro de Salud Múzquiz, Muzquiz, Morelos",27.8846604,-101.5258491,"['hospital', 'health', 'point_of_interest', 'establishment']"
"Clinica Valle, Asientos, Coahuila De Zaragoza",27.86074839999999,-101.1316324,"['hospital', 'health', 'point_of_interest', 'establishment']"
"Clinic, Tuxtla Chico, Veracruz De Ignacio De La Llave",14.9390923,-92.1605886,"['hospital', 'health', 'point_of_interest', 'establishment']"
"Clinica Spine, Villa Union, Oaxaca",17.0697335,-96.7278137,"['hospital', 'health', 'point_of_interest', 'establishment']"
"Miguel, Sabinas, Mexico",27.8464221,-101.1147922,"['hospital', 'health', 'point_of_interest', 'establishment']"
"Centro Medico Quirurgico Galeno, Animas Trujano, Oaxaca",17.0119624,-96.71246599999999,"['hospital', 'health', 'point_of_interest', 'establishment']"
"UMF 21 CHICOASEN, Osumacinta, Hidalgo",16.9445545,-93.1056557,"['hospital', 'health', 'point_of_interest', 'establishment']"
"Clinica San Judas Tadeo, Ixtapa, Guanajuato",17.6426053,-101.5583776,"['hospital', 'health', 'point_of_interest', 'establishment']"
"nuevo hospital Pabellon de Arteaga, Pabellon De Arteaga, Durango",22.1461137,-102.2919726,"['hospital', 'health', 'point_of_interest', 'establishment']"
"HGZMF 6, Parras, Morelos",25.4379635,-102.1955085,"['hospital', 'health', 'point_of_interest', 'establishment']"
"Centro de Salud Avanzado, Guerrero, Tabasco",18.3976506,-92.8925562,"['hospital', 'premise', 'health', 'point_of_interest', 'establishment']"
"ISSSTE Unidad Médica Familiar, Mapastepec, Guerrero",15.4504997,-92.88993339999999,"['hospital', 'health', 'point_of_interest', 'establishment']"
"Centro De Salud De Dos Nucleos Basicos, Santiago Suchilquitongo, Oaxaca",17.2438691,-96.86765869999999,"['hospital', 'health', 'point_of_interest', 'establishment']"
"Uneme CAPA, Calvillo, Coahuila De Zaragoza",21.8528354,-102.6970004,"['hospital', 'health', 'point_of_interest', 'establishment']"
"CAS Matamoros Hospital Clinica, Matamoros, Chihuahua",26.7579981,-105.5886258,"['hospital', 'health', 'point_of_interest', 'establishment']"
"U.M.F ISSSTE Jiquipilas, Jiquipilas, Guanajuato",16.6616322,-93.6424737,"['hospital', 'health', 'point_of_interest', 'establishment']"
"Rehabilitación Y Terapia Fisica Orion, Yajalon, Michoacan De Ocampo",17.1757907,-92.338477,"['hospital', 'health', 'point_of_interest', 'establishment']"
"UNIDAD DE MEDICINA FAMILIAR RINCON DE ROMOS, Rincon De Romos, Colima",22.2291343,-102.3138262,"['hospital', 'health', 'point_of_interest', 'establishment']"
"CLINICA HOSPITAL DEL ANGEL, San Buenaventura, Tlaxcala",19.31761,-98.22885,"['hospital', 'health', 'point_of_interest', 'establishment']"
"Hospital Basico Comunitario Villa Sola de Vega, San Ildefonso Sola, Veracruz De Ignacio De La Llave",16.5291483,-96.9791236,"['hospital', 'health', 'point_of_interest', 'establishment']"
"UMR 116, Morelos, Hidalgo",20.7966369,-99.266716,"['hospital', 'health', 'point_of_interest', 'establishment']"
"IMSS UMF No. 74, Nadadores, Guerrero",27.026445,-101.5937961,"['hospital', 'health', 'point_of_interest', 'establishment']"
"C.S. IGNACIO ZARAGOZA (EL WILLY), Zaragoza, Chihuahua",30.18772100000001,-108.3281834,"['hospital', 'health', 'point_of_interest', 'establishment']"
"U.M.F ISSSTE Jiquipilas, Jiquipilas, Zacatecas",16.6616322,-93.6424737,"['hospital', 'health', 'point_of_interest', 'establishment']"
"CIRAE Rehabilitación pulmonar y Terapia física, Nadadores, Guanajuato",21.0988935,-101.6460495,"['hospital', 'doctor', 'health', 'point_of_interest', 'establishment']"
"Diagnosis Laboratorio, Parras, Jalisco",20.6383561,-103.3135555,"['hospital', 'health', 'point_of_interest', 'establishment']"
"Modulo de salud SSA, Sabinas, Morelos",26.4993054,-100.2077157,"['hospital', 'health', 'point_of_interest', 'establishment']"
"Uneme Sorid Enfermedades Cronicas Rincon de Romos, Rincon De Romos, Quintana Roo",22.22318,-102.3310621,"['hospital', 'health', 'point_of_interest', 'establishment']"
"Hospital Comunitario de Teopisca, Teopisca, Jalisco",16.5548178,-92.47569899999999,"['hospital', 'health', 'point_of_interest', 'establishment']"
"Unidad Médica de Especialidades 2007, Aldama, Puebla",19.0645807,-98.19675559999999,"['hospital', 'health', 'point_of_interest', 'establishment']"
"Medica San Francisco, San Francisco De Los Romo, Morelos",22.0772358,-102.2696147,"['hospital', 'doctor', 'dentist', 'health', 'point_of_interest', 'establishment']"
"Centro de Salud, Torreon, Guerrero",25.5339168,-103.451646,"['hospital', 'health', 'point_of_interest', 'establishment']"
"Centro Estatal del Adulto Mayor, Saltillo, Morelos",25.4151819,-100.9685789,"['hospital', 'health', 'point_of_interest', 'establishment']"
"Centro De Salud Lomitas de Nexos, El Porvenir, Guerrero",16.7824652,-99.2021619,"['hospital', 'health', 'point_of_interest', 'establishment']"
"Crebita "" Centro de Rehabilitación Integral Tapachula"", Tapachula, Yucatan",14.9037301,-92.2678344,"['hospital', 'health', 'point_of_interest', 'establishment']"
"Hospital General ISSSTE, Calvillo, San Luis Potosi",22.1404024,-100.9698761,"['hospital', 'health', 'point_of_interest', 'establishment']"
"VOLUNTARIADO DEL CENAEC, Matamoros, Queretaro",20.5818906,-100.3939876,"['hospital', 'health', 'point_of_interest', 'establishment']"
"Centro Quirofisico, Asientos, Tlaxcala",19.2919667,-98.1919133,"['hospital', 'health', 'point_of_interest', 'establishment']"
"CLINIC, Ixtacomitan, Mexico",17.4311323,-93.0984594,"['hospital', 'health', 'point_of_interest', 'establishment']"
"Uneme CAPA, Calvillo, Tlaxcala",21.8528354,-102.6970004,"['hospital', 'health', 'point_of_interest', 'establishment']"
"CLINICA HOSPITAL DEL ANGEL, La Independencia, Tlaxcala",19.31761,-98.22885,"['hospital', 'health', 'point_of_interest', 'establishment']"
"UMR SAN BARTOLO LACHIXOVA, San Juan Comaltepec, Veracruz De Ignacio De La Llave",17.3185745,-95.96776,"['hospital', 'health', 'point_of_interest', 'establishment']"
"Sutter Spiritual Care, Sacramento, Tlaxcala",38.5708342,-121.4694115,"['hospital', 'health', 'point_of_interest', 'establishment']"
"UMAA N°7 / IMSS, San Pedro, Nuevo Leon",25.6742839,-100.4071179,"['hospital', 'health', 'point_of_interest', 'establishment']"
"Hospital General Dr. Juan C. Corzo, Tonala, Chiapas",16.0897799,-93.7448344,"['hospital', 'health', 'point_of_interest', 'establishment']"
"Centro De Salud, Morelos, Yucatan",19.7462693,-88.7060467,"['hospital', 'health', 'point_of_interest', 'establishment']"
"Instituto de Salud Cardiovascular, Osumacinta, Jalisco",20.6715556,-103.3543699,"['hospital', 'doctor', 'health', 'point_of_interest', 'establishment']"
"Clinica Issste San Francisco, San Francisco Del Mar, Veracruz De Ignacio De La Llave",16.3404744,-94.5094106,"['hospital', 'health', 'point_of_interest', 'establishment']"
"Hospital Español Veracruz, Venustiano Carranza, Veracruz De Ignacio De La Llave",19.1942654,-96.13046949999999,"['hospital', 'health', 'point_of_interest', 'establishment']"
"nuevo hospital Pabellon de Arteaga, Pabellon De Arteaga, Tabasco",22.1461137,-102.2919726,"['hospital', 'health', 'point_of_interest', 'establishment']"
"Obras Clíncia Hospítal del SS, La Independencia, Guanajuato",21.0138366,-101.2512501,"['hospital', 'health', 'point_of_interest', 'establishment']"
"Instituto Médico Panamericano, Hidalgo, Yucatan",20.9838608,-89.6154339,"['hospital', 'health', 'point_of_interest', 'establishment']"
"LABORATORIO CLIMED, Aguascalientes, Tlaxcala",21.8642265,-102.3087564,"['hospital', 'health', 'point_of_interest', 'establishment']"
"Recuperación KIDDS, La Independencia, Nuevo Leon",25.6720711,-100.3225082,"['hospital', 'health', 'point_of_interest', 'establishment']"
"UMR ( Unidad Medica Rural De Palmerinda), Guerrero, Veracruz De Ignacio De La Llave",18.6558439,-96.55518289999999,"['hospital', 'health', 'point_of_interest', 'establishment']"
"Cmf Clinica Issste Escuinapa, Hidalgo, Sinaloa",22.8272001,-105.7849982,"['hospital', 'health', 'point_of_interest', 'establishment']"
"Hospital Basico Comunitario Larrainzar, Larrainzar, Michoacan De Ocampo",16.8790452,-92.7149539,"['hospital', 'health', 'point_of_interest', 'establishment']"
"Clinica y Estetica Veterinaria ""SANBAU"", San Jose Independencia, Puebla",18.9982264,-98.21502699999999,"['hospital', 'health', 'point_of_interest', 'establishment']"
"Star, Juarez, Mexico",31.6840028,-106.4064502,"['hospital', 'health', 'point_of_interest', 'establishment']"
"Miguel, Sabinas, Guerrero",27.8464221,-101.1147922,"['hospital', 'health', 'point_of_interest', 'establishment']"
"Clínica Guadalupana, Villaflores, Michoacan De Ocampo",19.9102046,-101.9979768,"['hospital', 'doctor', 'health', 'point_of_interest', 'establishment']"
"Uneme CAPA, Calvillo, Sinaloa",21.8528354,-102.6970004,"['hospital', 'health', 'point_of_interest', 'establishment']"
"Centro de salud el mango, Juarez, Tabasco",17.84244,-92.54008979999999,"['hospital', 'health', 'point_of_interest', 'establishment']"
"Independence Health Center, Monclova, Nayarit",26.9127892,-101.4460118,"['hospital', 'health', 'point_of_interest', 'establishment']"
"Hospital de Tecnologia y Cómputo., Aguascalientes, Baja California Sur",21.897808,-102.317267,"['hospital', 'health', 'point_of_interest', 'establishment']"
"una luz en la obscuridad, Ocozocoautla De Espinosa, Hidalgo",16.7669598,-93.3792064,"['hospital', 'health', 'point_of_interest', 'establishment']"
"Consultorio medico integral SOPHIA, Huitiupan, Oaxaca",17.1717455,-92.68423039999999,"['hospital', 'health', 'point_of_interest', 'establishment']"
"Rural Hospital 51, San Buenaventura, Coahuila De Zaragoza",27.046721,-101.5510539,"['hospital', 'health', 'point_of_interest', 'establishment']"
"Miguel, Sabinas, Chihuahua",27.8464221,-101.1147922,"['hospital', 'health', 'point_of_interest', 'establishment']"
"Centro De Salud de San Juan Cancuc, San Juan Cancuc, Michoacan De Ocampo",16.8857009,-92.362937,"['hospital', 'health', 'point_of_interest', 'establishment']"
"Veterinaria La Loma, Ocampo, Hidalgo",20.2141797,-98.58530619999999,"['hospital', 'health', 'point_of_interest', 'establishment']"
"IMSS UMF No. 74, Nadadores, Coahuila De Zaragoza",27.026445,-101.5937961,"['hospital', 'health', 'point_of_interest', 'establishment']"
"Uneme Sorid Enfermedades Cronicas Rincon de Romos, Rincon De Romos, Coahuila De Zaragoza",22.22318,-102.3310621,"['hospital', 'health', 'point_of_interest', 'establishment']"
"IMSS Unidad de Medicina Familiar Numero 35, Palenque, Hidalgo",20.0543883,-98.7693372,"['hospital', 'health', 'point_of_interest', 'establishment']"
"centro de salud rural, Tzimol, Yucatan",16.1717379,-92.1956311,"['hospital', 'health', 'point_of_interest', 'establishment']"
"nuevo hospital Pabellon de Arteaga, Pabellon De Arteaga, Nayarit",22.1461137,-102.2919726,"['hospital', 'health', 'point_of_interest', 'establishment']"
"UMR Pantepec, Pantepec, Mexico",20.5212368,-97.9394755,"['hospital', 'health', 'point_of_interest', 'establishment']"
"Miguel, Sabinas, Coahuila De Zaragoza",27.8464221,-101.1147922,"['hospital', 'health', 'point_of_interest', 'establishment']"
"hospital, Juarez, Chiapas",17.6053729,-93.1980849,"['hospital', 'health', 'point_of_interest', 'establishment']"
"IMSS HRO No. 32 Ocosingo, Ocosingo, Guerrero",16.9013963,-92.0868775,"['hospital', 'health', 'point_of_interest', 'establishment']"
"Centro San Andrés duraznal, San Andres Duraznal, Veracruz De Ignacio De La Llave",17.1324596,-92.80438699999999,"['hospital', 'health', 'point_of_interest', 'establishment']"
"CENTRO DE SALUD CABO SAN LUCAS, San Lucas, Mexico",22.8915816,-109.9162352,"['hospital', 'health', 'point_of_interest', 'establishment']"
"Uneme Sorid Enfermedades Cronicas Rincon de Romos, Rincon De Romos, Nayarit",22.22318,-102.3310621,"['hospital', 'health', 'point_of_interest', 'establishment']"
"Dental León, Progreso, Guanajuato",20.372016,-101.062213,"['dentist', 'hospital', 'health', 'point_of_interest', 'establishment']"
"Intraimagen, Aguascalientes, Chihuahua",28.63313299999999,-106.077528,"['hospital', 'doctor', 'health', 'point_of_interest', 'establishment']"
"Servicios Medicos Comedic, San Jose Chiltepec, Oaxaca",17.9496543,-96.17012509999999,"['hospital', 'health', 'point_of_interest', 'establishment']"
"Playa linda, Ixtapa, Nuevo Leon",17.6725361,-101.6079106,"['hospital', 'health', 'point_of_interest', 'establishment']"
"Playa linda, Ixtapa, Mexico",17.6725361,-101.6079106,"['hospital', 'health', 'point_of_interest', 'establishment']"
"ENFERMERIA V.I.P. JJVILLEWAGEN, Nava, Mexico",28.4268779,-100.7768369,"['hospital', 'health', 'point_of_interest', 'establishment']"
"CLINICA SEGURO SOCIAL, Cosio, Morelos",22.8641617,-102.6204513,"['hospital', 'health', 'point_of_interest', 'establishment']"
"IMSS UMF 69, Ostuacan, Chihuahua",28.7406948,-106.1399272,"['hospital', 'health', 'point_of_interest', 'establishment']"
"Consultorio Médico/Medical Centrer, Palenque, Mexico",17.5111815,-91.98011059999999,"['hospital', 'health', 'point_of_interest', 'establishment']"
"Centro de Salud Oriente, Monclova, Guerrero",26.908209,-101.4270129,"['hospital', 'health', 'point_of_interest', 'establishment']"
"IMSS UMF No. 52, Ocampo, Mexico",27.31036,-102.3956385,"['hospital', 'health', 'point_of_interest', 'establishment']"
"CLINIC, Ixtacomitan, San Luis Potosi",17.4311323,-93.0984594,"['hospital', 'health', 'point_of_interest', 'establishment']"
"Ignacio Allende Y Carretera Panamerica., Cosio, Coahuila De Zaragoza",22.3660941,-102.2969098,"['hospital', 'health', 'point_of_interest', 'establishment']"
"Cessa Sitala Centro De Salud Servicios Ampliados, Sitala, Hidalgo",17.02122749999999,-92.3113983,"['hospital', 'health', 'point_of_interest', 'establishment']"
"Clinica Orlando, Huixtla, Mexico",15.1352371,-92.4587854,"['hospital', 'health', 'point_of_interest', 'establishment']"
"Dr. Julio M. Cacho Salazar, San Francisco Ozolotepec, Puebla",19.0364168,-98.2022727,"['hospital', 'health', 'point_of_interest', 'establishment']"
"IMMS Mazatán, Mazatan, Veracruz De Ignacio De La Llave",14.8679859,-92.4504869,"['hospital', 'premise', 'health', 'point_of_interest', 'establishment']"
"nuevo hospital Pabellon de Arteaga, Pabellon De Arteaga, Quintana Roo",22.1461137,-102.2919726,"['hospital', 'health', 'point_of_interest', 'establishment']"
"Clínica CAMS, Jesus Maria, Morelos",29.0881493,-110.978067,"['hospital', 'health', 'point_of_interest', 'establishment']"
"Clinica Univeritaria Unidad habitacional Independencia, Zaragoza, Mexico",28.5031044,-100.9211589,"['hospital', 'health', 'point_of_interest', 'establishment']"
"IMSS, San Juan Mazatlan, Veracruz De Ignacio De La Llave",17.0275286,-95.4460115,"['hospital', 'health', 'point_of_interest', 'establishment']"
"Centro de Salud, San Jose De Gracia, Aguascalientes",22.1502069,-102.4162828,"['hospital', 'health', 'point_of_interest', 'establishment']"
"Centro De Salud Villa Comaltitlan, Villa Comaltitlan, Puebla",15.2119089,-92.5751708,"['hospital', 'health', 'point_of_interest', 'establishment']"
"UBR Tlaxiaco, DIF Municipal, Heroica Ciudad De Tlaxiaco, Oaxaca",17.2512138,-97.69584540000001,"['hospital', 'health', 'point_of_interest', 'establishment']"
"IMSS HRO No. 32 Ocosingo, Ocosingo, Hidalgo",16.9013963,-92.0868775,"['hospital', 'health', 'point_of_interest', 'establishment']"
"Hospital General de Pichucalco, Pichucalco, Guerrero",17.5143754,-93.12066639999999,"['hospital', 'health', 'point_of_interest', 'establishment']"
"Hrp 2Motozintla Imss, Motozintla, Hidalgo",15.3546042,-92.24717079999999,"['hospital', 'health', 'point_of_interest', 'establishment']"
"Clinica Orlando, Huixtla, Chiapas",15.1352371,-92.4587854,"['hospital', 'health', 'point_of_interest', 'establishment']"
"Secretaria Salud de Tlaxcala, Ixhuatan, Tlaxcala",19.31906559999999,-98.24404229999999,"['hospital', 'health', 'point_of_interest', 'establishment']"
"Tirden Company, Las Margaritas, Yucatan",21.0196301,-89.57923919999999,"['hospital', 'health', 'point_of_interest', 'establishment']"
"Conejo, Villaflores, Veracruz De Ignacio De La Llave",18.4183462,-95.0983645,"['hospital', 'health', 'point_of_interest', 'establishment']"
"Centro de Salud, San Felipe Jalapa De Diaz, Veracruz De Ignacio De La Llave",18.0778805,-96.53155749999999,"['hospital', 'health', 'point_of_interest', 'establishment']"
"UMF HGZ1, Asientos, Guanajuato",21.0142951,-101.2645865,"['hospital', 'health', 'point_of_interest', 'establishment']"
"laboratorio Biocen, San Juan Bautista Cuicatlan, Puebla",17.8056152,-96.9604105,"['hospital', 'health', 'point_of_interest', 'establishment']"
"Centro de Salud, San Felipe Jalapa De Diaz, Puebla",18.0778805,-96.53155749999999,"['hospital', 'health', 'point_of_interest', 'establishment']"
"Centro De Salud, Mazapa De Madero, Puebla",15.3893156,-92.1857465,"['hospital', 'health', 'point_of_interest', 'establishment']"
"Ssy, Zaragoza, Yucatan",20.9728299,-89.62611950000002,"['hospital', 'health', 'point_of_interest', 'establishment']"
"Clinica Orlando, Huixtla, Yucatan",15.1352371,-92.4587854,"['hospital', 'health', 'point_of_interest', 'establishment']"
"CESSA OCAMPO, Ocampo, Guanajuato",21.6375949,-101.4746477,"['hospital', 'health', 'point_of_interest', 'establishment']"
"CONSULTORIOS MÉDICOS Ramos Arizpe, Ramos Arizpe, Guerrero",25.52130649999999,-100.9335786,"['hospital', 'health', 'point_of_interest', 'establishment']"
"Hrp 2Motozintla Imss, Motozintla, Zacatecas",15.3546042,-92.24717079999999,"['hospital', 'health', 'point_of_interest', 'establishment']"
"Dra. Ana Luisa Rodríguez Mtz., Nadadores, Chihuahua",28.6442306,-106.0903839,"['physiotherapist', 'hospital', 'doctor', 'health', 'point_of_interest', 'establishment']"
"UMF San Francisco de los Romo, San Francisco De Los Romo, Chihuahua",22.0797074,-102.2754782,"['hospital', 'health', 'point_of_interest', 'establishment']"
"IMSS Unidad de Medicina Familiar 10 Aguascalientes, Aguascalientes, Hidalgo",21.9000624,-102.2933175,"['hospital', 'health', 'point_of_interest', 'establishment']"
"Grupo ame, Ocampo, Yucatan",20.9888938,-89.58145809999999,"['hospital', 'health', 'point_of_interest', 'establishment']"
"Hospital Central, El Llano, Tlaxcala",19.4074799,-98.1431856,"['hospital', 'health', 'point_of_interest', 'establishment']"
"Clínica Periférica Dionisio Sánchez Villaseñor, San Pedro, Coahuila De Zaragoza",25.7577122,-102.9944781,"['hospital', 'health', 'point_of_interest', 'establishment']"
"Laboratorios de Análisis Clínicos Lac, Emiliano Zapata, Veracruz De Ignacio De La Llave",19.5288579,-96.920012,"['hospital', 'health', 'point_of_interest', 'establishment']"
"Grupo Medico Familiar De Saltillo, Saltillo, Mexico",25.4373815,-100.983532,"['hospital', 'health', 'point_of_interest', 'establishment']"
"Centro Hematologico De Morelos Laboratorio De Analisis Clinicos, Nava, Morelos",18.953805,-99.1984276,"['hospital', 'health', 'point_of_interest', 'establishment']"
"Hospital rural de San Juan Mixtepec, San Juan Mixtepec, Veracruz De Ignacio De La Llave",17.3066751,-97.8335577,"['hospital', 'health', 'point_of_interest', 'establishment']"
"Centro de alta especialidad Clinica Life, Monclova, Jalisco",26.92186100000001,-101.4366211,"['hospital', 'health', 'point_of_interest', 'establishment']"
"U.M.F ISSSTE Jiquipilas, Jiquipilas, Puebla",16.6616322,-93.6424737,"['hospital', 'health', 'point_of_interest', 'establishment']"
"Community Basic Hospital Chalcatongo, Progreso, Oaxaca",17.0245674,-97.5711492,"['hospital', 'health', 'point_of_interest', 'establishment']"
"Centro de Especialidad Articular, Juarez, Yucatan",21.0351799,-89.61517940000002,"['hospital', 'health', 'point_of_interest', 'establishment']"
"Centro De Salud de San Juan Cancuc, San Juan Cancuc, Mexico",16.8857009,-92.362937,"['hospital', 'health', 'point_of_interest', 'establishment']"
"Dr. Julio M. Cacho Salazar, San Francisco Ixhuatan, Puebla",19.0364168,-98.2022727,"['hospital', 'health', 'point_of_interest', 'establishment']"
"Centro Medico Quirurgico Los Angeles, Piedras Negras, Veracruz De Ignacio De La Llave",18.7716377,-96.173075,"['hospital', 'health', 'point_of_interest', 'establishment']"
"Centro de Salud Villa del Mar, San Fernando, Mexico",24.8434887,-98.1256208,"['hospital', 'premise', 'health', 'point_of_interest', 'establishment']"
"Uneme Sorid Enfermedades Cronicas Rincon de Romos, Rincon De Romos, Tlaxcala",22.22318,-102.3310621,"['hospital', 'health', 'point_of_interest', 'establishment']"
"Serit (Servicios Integrales Tecnologicos De La Salud), San Juan Bautista Tuxtepec, Oaxaca",18.0839884,-96.12791209999999,"['hospital', 'health', 'point_of_interest', 'establishment']"
"Hospital Regional Bicentenario, Villaflores, Chiapas",16.2582171,-93.2650007,"['hospital', 'health', 'point_of_interest', 'establishment']"
"Consultorio Médico/Medical Centrer, Palenque, Michoacan De Ocampo",17.5111815,-91.98011059999999,"['hospital', 'health', 'point_of_interest', 'establishment']"
"Sutter Spiritual Care, Sacramento, Chiapas",38.5708342,-121.4694115,"['hospital', 'health', 'point_of_interest', 'establishment']"
"Neurocirugía, Villaflores, Puebla",19.021545,-98.2345406,"['hospital', 'health', 'point_of_interest', 'establishment']"
"HEMODIALISIS SANTIAGO, El Llano, Durango",25.04627289999999,-105.420556,"['hospital', 'health', 'point_of_interest', 'establishment']"
"Pedriacts, Nava, Nuevo Leon",25.7445587,-100.2509754,"['hospital', 'health', 'point_of_interest', 'establishment']"
"Laboratorio de Diagnóstico Clínico, Monclova, Tlaxcala",26.9022925,-101.4150413,"['hospital', 'health', 'point_of_interest', 'establishment']"
"Uneme Sorid Enfermedades Cronicas Rincon de Romos, Rincon De Romos, Mexico",22.22318,-102.3310621,"['hospital', 'health', 'point_of_interest', 'establishment']"
"HGZ 1 IMSS Centro Campeche, Cosio, Campeche",19.8394454,-90.53729109999999,"['hospital', 'health', 'point_of_interest', 'establishment']"
"CONSULTORIOS MÉDICOS Ramos Arizpe, Ramos Arizpe, Tlaxcala",25.52130649999999,-100.9335786,"['hospital', 'health', 'point_of_interest', 'establishment']"
"Centro De Salud, Socoltenango, Puebla",16.2367858,-92.3497301,"['hospital', 'health', 'point_of_interest', 'establishment']"
"Peña Colorada De Estacion De Apulco, San Dionisio Ocotlan, Puebla",16.77075,-96.675765,"['hospital', 'health', 'point_of_interest', 'establishment']"
"IMSS. Hospital Rural Solidarity (Opportunities), Guerrero, Durango",23.7193786,-103.9746094,"['hospital', 'health', 'point_of_interest', 'establishment']"
"consultorio medico Dr Marco V Ramirez, Juarez, Jalisco",19.935377,-102.9488901,"['hospital', 'health', 'point_of_interest', 'establishment']"
"Secretaria Salud de Tlaxcala, Cosio, Tlaxcala",19.31906559999999,-98.24404229999999,"['hospital', 'health', 'point_of_interest', 'establishment']"
"Hospital Rural No. 66 Juxtlahuaca, Santiago Juxtlahuaca, Oaxaca",17.3422853,-98.0138753,"['hospital', 'health', 'point_of_interest', 'establishment']"
"Hospital Obra Negra, San Jose Tenango, Oaxaca",18.1403797,-96.7332861,"['hospital', 'health', 'point_of_interest', 'establishment']"
"CENTRAL GINECO-OBSTETRICAL, S.A. de C.V., San Fernando, Puebla",19.0417035,-98.21170409999999,"['hospital', 'health', 'point_of_interest', 'establishment']"
"Clinica 2, Villa Union, Puebla",19.0898829,-98.1342082,"['hospital', 'health', 'point_of_interest', 'establishment']"
"Clinica Gualupita, Juarez, Morelos",18.6248277,-99.1833977,"['hospital', 'health', 'point_of_interest', 'establishment']"
"Hospital Comunitario Ostuacan, Ostuacan, Mexico",17.4075986,-93.3352645,"['hospital', 'health', 'point_of_interest', 'establishment']"
"Unidad Medicina Familiar 58, Teotitlan De Flores Magon, Oaxaca",18.1360985,-97.07784529999999,"['hospital', 'health', 'point_of_interest', 'establishment']"
"Sanatorio Hohenstein, San Pedro, Veracruz De Ignacio De La Llave",18.8885781,-96.9316807,"['hospital', 'health', 'point_of_interest', 'establishment']"
"Residencia san Pablo, Aguascalientes, Puebla",19.0999391,-98.1830487,"['hospital', 'health', 'point_of_interest', 'establishment']"
"CSU PIJIJIAPAN, Pijijiapan, Guerrero",15.6927705,-93.2104775,"['hospital', 'health', 'point_of_interest', 'establishment']"
"Hospital Comunitario de Teopisca, Teopisca, Chiapas",16.5548178,-92.47569899999999,"['hospital', 'health', 'point_of_interest', 'establishment']"
"Bartolome, Suchiapa, Puebla",16.6230391,-93.09931329999999,"['hospital', 'health', 'point_of_interest', 'establishment']"
"Cirugía Maxilofacial, Torreon, Tlaxcala",19.3209529,-98.23668479999999,"['hospital', 'doctor', 'health', 'point_of_interest', 'establishment']"
"Cessa Sitala Centro De Salud Servicios Ampliados, Sitala, Veracruz De Ignacio De La Llave",17.02122749999999,-92.3113983,"['hospital', 'health', 'point_of_interest', 'establishment']"
"Crebita "" Centro de Rehabilitación Integral Tapachula"", Tapachula, Veracruz De Ignacio De La Llave",14.9037301,-92.2678344,"['hospital', 'health', 'point_of_interest', 'establishment']"
"Centro De Salud Animal POZA RICA, Hidalgo, Veracruz De Ignacio De La Llave",20.5438366,-97.4591478,"['hospital', 'health', 'point_of_interest', 'establishment']"
"Secretaria Salud de Tlaxcala, Ocampo, Tlaxcala",19.31906559999999,-98.24404229999999,"['hospital', 'health', 'point_of_interest', 'establishment']"
"LUUS YAILO, Centro de Medicina Fisica Integral, Jesus Maria, Campeche",19.84025,-90.53201,"['hospital', 'health', 'point_of_interest', 'establishment']"
"CLINIC, Ixtacomitan, Puebla",17.4311323,-93.0984594,"['hospital', 'health', 'point_of_interest', 'establishment']"
"Centro De Salud Villa Hidalgo, Hidalgo, San Luis Potosi",22.4526844,-100.6762203,"['hospital', 'health', 'point_of_interest', 'establishment']"
"Centro de Salud de Capulalpan, San Jacinto Amilpas, Oaxaca",17.0832603,-96.73995950000001,"['hospital', 'health', 'point_of_interest', 'establishment']"
"Asilo Santa Cecilia, Hidalgo, Nuevo Leon",25.9831583,-100.4419828,"['hospital', 'health', 'point_of_interest', 'establishment']"
"Unidad Basica de Rehabilitacion, San Cristobal De Las Casas, Yucatan",16.7336827,-92.6576279,"['hospital', 'health', 'point_of_interest', 'establishment']"
"ISSSTE Unidad Médica Familiar, Mapastepec, Jalisco",15.4504997,-92.88993339999999,"['hospital', 'health', 'point_of_interest', 'establishment']"
"IMSS, San Juan Mazatlan, Puebla",17.0275286,-95.4460115,"['hospital', 'health', 'point_of_interest', 'establishment']"
"Centro Medico Quirurgico Galeno, Animas Trujano, Veracruz De Ignacio De La Llave",17.0119624,-96.71246599999999,"['hospital', 'health', 'point_of_interest', 'establishment']"
"Hospital Comunitario de Teopisca, Teopisca, Mexico",16.5548178,-92.47569899999999,"['hospital', 'health', 'point_of_interest', 'establishment']"
"UMF 21 CHICOASEN, Osumacinta, Puebla",16.9445545,-93.1056557,"['hospital', 'health', 'point_of_interest', 'establishment']"
"VOLUNTARIADO DEL CENAEC, Rincon De Romos, Queretaro",20.5818906,-100.3939876,"['hospital', 'health', 'point_of_interest', 'establishment']"
"Mecanico Cambio De Aceite, Calvillo, Yucatan",20.9934594,-89.6663854,"['hospital', 'health', 'point_of_interest', 'establishment']"
"Hospital General de Pichucalco, Pichucalco, Oaxaca",17.5143754,-93.12066639999999,"['hospital', 'health', 'point_of_interest', 'establishment']"
"Uneme Sorid Enfermedades Cronicas Rincon de Romos, Rincon De Romos, Tamaulipas",22.22318,-102.3310621,"['hospital', 'health', 'point_of_interest', 'establishment']"
"CDEC, Mazapa De Madero, Tlaxcala",19.58215,-98.5589876,"['hospital', 'health', 'point_of_interest', 'establishment']"
"IMSS HRO No. 32 Ocosingo, Ocosingo, Yucatan",16.9013963,-92.0868775,"['hospital', 'health', 'point_of_interest', 'establishment']"
"Centro De Salud Tumbala, Chiapas., Tumbala, Puebla",17.2786562,-92.3163886,"['hospital', 'health', 'point_of_interest', 'establishment']"
"Hospital HOSCEM, San Cristobal De Las Casas, Hidalgo",16.708685,-92.64454099999999,"['hospital', 'health', 'point_of_interest', 'establishment']"
"Hospital Basico Comunitario Villa Sola de Vega, San Ildefonso Sola, Puebla",16.5291483,-96.9791236,"['hospital', 'health', 'point_of_interest', 'establishment']"
"nuevo hospital Pabellon de Arteaga, Pabellon De Arteaga, Michoacan De Ocampo",22.1461137,-102.2919726,"['hospital', 'health', 'point_of_interest', 'establishment']"
"Uneme Sorid Enfermedades Cronicas Rincon de Romos, Rincon De Romos, Sinaloa",22.22318,-102.3310621,"['hospital', 'health', 'point_of_interest', 'establishment']"
"Agua Santa Puebla, Cosio, Puebla",18.9857821,-98.2427187,"['hospital', 'health', 'point_of_interest', 'establishment']"
"UNIDAD MEDICA BERUMEN, Aguascalientes, Morelos",21.8580419,-102.268366,"['hospital', 'health', 'point_of_interest', 'establishment']"
"Rehabilitación Y Terapia Fisica Orion, Yajalon, Veracruz De Ignacio De La Llave",17.1757907,-92.338477,"['hospital', 'health', 'point_of_interest', 'establishment']"
"Hospital Básico Comunitario de Tapilula, Tapilula, Oaxaca",17.2558995,-93.0170885,"['hospital', 'health', 'point_of_interest', 'establishment']"
"SEENCAM, Parras, Zacatecas",22.7605509,-102.5735732,"['hospital', 'health', 'point_of_interest', 'establishment']"
"IMSS. Hospital Rural Solidarity (Opportunities), Venustiano Carranza, Chiapas",16.3162263,-92.5679861,"['hospital', 'health', 'point_of_interest', 'establishment']"
"MEDI Bariatric's, El Parral, Puebla",19.00297089999999,-98.1965494,"['hospital', 'health', 'point_of_interest', 'establishment']"
"CONSULTORIOS MÉDICOS Ramos Arizpe, Ramos Arizpe, Chihuahua",25.52130649999999,-100.9335786,"['hospital', 'health', 'point_of_interest', 'establishment']"
"Centro de salud Ixhuatán, Ixhuatan, Yucatan",17.292227,-93.00825100000002,"['hospital', 'health', 'point_of_interest', 'establishment']"
"Gayland, Cosio, Nayarit",21.041433,-104.3599164,"['hospital', 'health', 'point_of_interest', 'establishment']"
"Ignacio Allende Y Carretera Panamerica., Cosio, Veracruz De Ignacio De La Llave",22.3660941,-102.2969098,"['hospital', 'health', 'point_of_interest', 'establishment']"
"UMF San Francisco de los Romo, San Francisco De Los Romo, Aguascalientes",22.0797074,-102.2754782,"['hospital', 'health', 'point_of_interest', 'establishment']"
"La curva del Ardura, San Buenaventura, Morelos",19.024772,-99.1959821,"['hospital', 'health', 'point_of_interest', 'establishment']"
"Ospital Nova, Nava, Durango",24.06902479999999,-104.6187047,"['hospital', 'health', 'point_of_interest', 'establishment']"
"Unidad Médica Familiar No.79, Matamoros, Mexico",25.8731854,-97.5038398,"['hospital', 'health', 'point_of_interest', 'establishment']"
"Consultorio medico integral SOPHIA, Huitiupan, Tamaulipas",17.1717455,-92.68423039999999,"['hospital', 'health', 'point_of_interest', 'establishment']"
"Uneme CAPA, Calvillo, Aguascalientes",21.8528354,-102.6970004,"['hospital', 'health', 'point_of_interest', 'establishment']"
"UMF San Francisco de los Romo, San Francisco De Los Romo, Tamaulipas",22.0797074,-102.2754782,"['hospital', 'health', 'point_of_interest', 'establishment']"
"Centro de Salud, San Jose De Gracia, Tlaxcala",22.1502069,-102.4162828,"['hospital', 'health', 'point_of_interest', 'establishment']"
"C.S. Zaragoza., Zaragoza, Nuevo Leon",23.9761861,-99.77310899999999,"['hospital', 'health', 'point_of_interest', 'establishment']"
"IMMS Mazatán, Mazatan, Hidalgo",14.8679859,-92.4504869,"['hospital', 'premise', 'health', 'point_of_interest', 'establishment']"
"ISSSTE Aldama, Aldama, Mexico",28.8358035,-105.9142157,"['hospital', 'health', 'point_of_interest', 'establishment']"
"Hospital Comunitario de Teopisca, Teopisca, Puebla",16.5548178,-92.47569899999999,"['hospital', 'health', 'point_of_interest', 'establishment']"
"Clínica Sinaí, Villa De Zaachila, Oaxaca",16.9536086,-96.7454502,"['hospital', 'health', 'point_of_interest', 'establishment']"
"Health Center La Joya, La Independencia, Michoacan De Ocampo",19.4237485,-100.3666701,"['hospital', 'health', 'point_of_interest', 'establishment']"
"CENTRO DE DIAGNOSTICO AUDIOLOGICO Y OTONEUROLOGICO DE TUXTLA SA DE CV, Tuxtla Gutierrez, Veracruz De Ignacio De La Llave",16.7645166,-93.12346,"['hospital', 'doctor', 'health', 'point_of_interest', 'establishment']"
"Centro De Salud, Socoltenango, Michoacan De Ocampo",16.2367858,-92.3497301,"['hospital', 'health', 'point_of_interest', 'establishment']"
"Unidad Médica Familiar No. 33, San Pedro Pochutla, Oaxaca",15.7348909,-96.4742357,"['hospital', 'health', 'point_of_interest', 'establishment']"
"Centro de Salud con Servicios Ampliados Siltepec, Siltepec, Mexico",15.5390161,-92.319194,"['hospital', 'health', 'point_of_interest', 'establishment']"
"Centro de Salud, San Jose De Gracia, Hidalgo",22.1502069,-102.4162828,"['hospital', 'health', 'point_of_interest', 'establishment']"
"CONSULTORIOS MÉDICOS Ramos Arizpe, Ramos Arizpe, Mexico",25.52130649999999,-100.9335786,"['hospital', 'health', 'point_of_interest', 'establishment']"
"nuevo hospital Pabellon de Arteaga, Pabellon De Arteaga, Tlaxcala",22.1461137,-102.2919726,"['hospital', 'health', 'point_of_interest', 'establishment']"
"U.M.F ISSSTE Jiquipilas, Jiquipilas, Tlaxcala",16.6616322,-93.6424737,"['hospital', 'health', 'point_of_interest', 'establishment']"
"Hospital Emergencias, San Buenaventura, Chihuahua",29.8446685,-107.4470424,"['hospital', 'health', 'point_of_interest', 'establishment']"
"Playa linda, Ixtapa, Yucatan",17.6725361,-101.6079106,"['hospital', 'health', 'point_of_interest', 'establishment']"
"clinica del pie madrid, Progreso, Morelos",18.8969015,-99.1675842,"['hospital', 'health', 'point_of_interest', 'establishment']"
"Centro de Salud Francisco Villa, Emiliano Zapata, Jalisco",19.3860776,-104.9695975,"['hospital', 'health', 'point_of_interest', 'establishment']"
"Mexican Red Cross, Jesus Maria, Oaxaca",20.6087664,-102.2200391,"['hospital', 'health', 'point_of_interest', 'establishment']"
"Hospital Comunitario Ostuacan, Ostuacan, Yucatan",17.4075986,-93.3352645,"['hospital', 'health', 'point_of_interest', 'establishment']"
"Hospital Clinica Issste huahuchinago Puebla, El Llano, Puebla",20.1864368,-98.06657899999999,"['hospital', 'health', 'point_of_interest', 'establishment']"
"ISSSTE Unidad Médica Familiar, Mapastepec, Tlaxcala",15.4504997,-92.88993339999999,"['hospital', 'health', 'point_of_interest', 'establishment']"
"RX PANORAMICA DIGITAL, El Llano, Campeche",19.8301251,-90.5349087,"['hospital', 'health', 'point_of_interest', 'establishment']"
"2. Cets, Las Margaritas, Tlaxcala",19.318028,-98.2439461,"['hospital', 'health', 'point_of_interest', 'establishment']"
"U.M.R. MEDIA LUNA, Oxchuc, Yucatan",16.7914027,-92.3447757,"['hospital', 'health', 'point_of_interest', 'establishment']"
"Hospital Regional Iz. Matamoros, Matamoros, Puebla",18.5906785,-98.4509844,"['hospital', 'premise', 'health', 'point_of_interest', 'establishment']"
"Dannel Derma, Cosio, Queretaro",20.5838501,-100.3978391,"['hospital', 'health', 'point_of_interest', 'establishment']"
"Uneme CAPA, Calvillo, Veracruz De Ignacio De La Llave",21.8528354,-102.6970004,"['hospital', 'health', 'point_of_interest', 'establishment']"
"Clinic, Villa Union, San Luis Potosi",22.147892,-100.9422518,"['hospital', 'health', 'point_of_interest', 'establishment']"
"UMR Pantepec, Pantepec, Yucatan",20.5212368,-97.9394755,"['hospital', 'health', 'point_of_interest', 'establishment']"
"CENTRO DE SALUD EL BARRANCO, San Francisco De Los Romo, Guerrero",22.072939,-102.274123,"['hospital', 'health', 'point_of_interest', 'establishment']"
"IMSS. Hospital Rural Solidarity (Opportunities), Ocozocoautla De Espinosa, Michoacan De Ocampo",16.7551121,-93.3800983,"['hospital', 'health', 'point_of_interest', 'establishment']"
"UMF HGZ1, Cosio, Guanajuato",21.0142951,-101.2645865,"['hospital', 'health', 'point_of_interest', 'establishment']"
"Secretaria Salud de Tlaxcala, Nadadores, Tlaxcala",19.31906559999999,-98.24404229999999,"['hospital', 'health', 'point_of_interest', 'establishment']"
"Clinica Del Seguro En Pachuca De Soto Hidalgo, Ocotepec, Hidalgo",19.711382,-98.45407,"['hospital', 'health', 'point_of_interest', 'establishment']"
"Clinica Orlando, Huixtla, Veracruz De Ignacio De La Llave",15.1352371,-92.4587854,"['hospital', 'health', 'point_of_interest', 'establishment']"
"Centro de Rehabilitacion La Viña, Villa De Etla, Oaxaca",17.1939249,-96.7898213,"['hospital', 'health', 'point_of_interest', 'establishment']"
"Centro De Salud El Sauzal, Las Rosas, Mexico",31.8906474,-116.6880649,"['hospital', 'health', 'point_of_interest', 'establishment']"
"Clinic, Tuxtla Chico, Mexico",14.9390923,-92.1605886,"['hospital', 'health', 'point_of_interest', 'establishment']"
"UMF 21 CHICOASEN, Osumacinta, Mexico",16.9445545,-93.1056557,"['hospital', 'health', 'point_of_interest', 'establishment']"
"Hospital Basico Comunitario Simojovel, Simojovel, Michoacan De Ocampo",17.1343759,-92.7194897,"['hospital', 'health', 'point_of_interest', 'establishment']"
"Centro de Salud Soyaló, Soyalo, Mexico",16.8894151,-92.91452439999999,"['hospital', 'health', 'point_of_interest', 'establishment']"
"Hrp 2Motozintla Imss, Motozintla, Chiapas",15.3546042,-92.24717079999999,"['hospital', 'health', 'point_of_interest', 'establishment']"
"AURA Centro de Bienestar, Larrainzar, Tlaxcala",16.7369689,-92.6336362,"['hospital', 'health', 'point_of_interest', 'establishment']"
"Torre Medica Santa María, Aguascalientes, Yucatan",21.882964,-102.2846426,"['hospital', 'health', 'point_of_interest', 'establishment']"
"Umaps Puerta del Monte, Hidalgo, Guanajuato",21.1607487,-100.9273406,"['hospital', 'health', 'point_of_interest', 'establishment']"
"Clinical Jesús Noyola, Jimenez, San Luis Potosi",22.1547967,-100.999615,"['hospital', 'health', 'point_of_interest', 'establishment']"
"Centro Médico Campeche, San Jose De Gracia, Campeche",19.8309218,-90.5389684,"['hospital', 'doctor', 'health', 'point_of_interest', 'establishment']"
"Gastrocirugía, Mezcalapa, Oaxaca",17.0781819,-96.7167127,"['hospital', 'doctor', 'health', 'point_of_interest', 'establishment']"
"Clinica Rural De San Pablo Etla, San Pablo Etla, Oaxaca",17.1378009,-96.7516371,"['hospital', 'health', 'point_of_interest', 'establishment']"
"ISSSTE Unidad Medica Familiar Ciudad Hidalgo, Suchiate, Oaxaca",14.625187,-92.243931,"['hospital', 'health', 'point_of_interest', 'establishment']"
"Meson Para Adultos Mayores E Indigentes, San Jose De Gracia, Colima",19.24265309999999,-103.7214954,"['hospital', 'health', 'point_of_interest', 'establishment']"
"ISSSTE Unidad Médica Familiar, Mapastepec, Veracruz De Ignacio De La Llave",15.4504997,-92.88993339999999,"['hospital', 'health', 'point_of_interest', 'establishment']"
"Cessa Sitala Centro De Salud Servicios Ampliados, Sitala, Mexico",17.02122749999999,-92.3113983,"['hospital', 'health', 'point_of_interest', 'establishment']"
"NUEVO HOSPITAL DE PABELLON DE ARTEAGA, Pabellon De Arteaga, Hidalgo",22.1419052,-102.2900845,"['hospital', 'health', 'point_of_interest', 'establishment']"
"UMF 21 CHICOASEN, Osumacinta, Oaxaca",16.9445545,-93.1056557,"['hospital', 'health', 'point_of_interest', 'establishment']"
"Hrp 2Motozintla Imss, Motozintla, San Luis Potosi",15.3546042,-92.24717079999999,"['hospital', 'health', 'point_of_interest', 'establishment']"
"CLINIC, Ixtacomitan, Tamaulipas",17.4311323,-93.0984594,"['hospital', 'health', 'point_of_interest', 'establishment']"
"Dr. Julio M. Cacho Salazar, San Juan Mixtepec, Puebla",19.0364168,-98.2022727,"['hospital', 'health', 'point_of_interest', 'establishment']"
"Doctor Eladio, El Llano, Nayarit",21.4324249,-105.195683,"['hospital', 'health', 'point_of_interest', 'establishment']"
"U.M.F ISSSTE Jiquipilas, Jiquipilas, Yucatan",16.6616322,-93.6424737,"['hospital', 'health', 'point_of_interest', 'establishment']"
"Dra. Ana Luisa Rodríguez Mtz., Asientos, Chihuahua",28.6442306,-106.0903839,"['physiotherapist', 'hospital', 'doctor', 'health', 'point_of_interest', 'establishment']"
"Uneme CAPA, Calvillo, Puebla",21.8528354,-102.6970004,"['hospital', 'health', 'point_of_interest', 'establishment']"
"CONSULTORIOS MÉDICOS Ramos Arizpe, Ramos Arizpe, Morelos",25.52130649999999,-100.9335786,"['hospital', 'health', 'point_of_interest', 'establishment']"
"Centro de Salud Soyaló, Soyalo, Yucatan",16.8894151,-92.91452439999999,"['hospital', 'health', 'point_of_interest', 'establishment']"
"Consultorio Dental Crystal Corpus, Ocampo, Oaxaca",17.0445042,-96.71109609999999,"['hospital', 'health', 'point_of_interest', 'establishment']"
"Cessa Sitala Centro De Salud Servicios Ampliados, Sitala, Puebla",17.02122749999999,-92.3113983,"['hospital', 'health', 'point_of_interest', 'establishment']"
"Imss, Sierra Mojada, Durango",24.0293883,-104.6828337,"['hospital', 'health', 'point_of_interest', 'establishment']"
"IMSS. Hospital Rural Solidarity (Opportunities), Ocozocoautla De Espinosa, Veracruz De Ignacio De La Llave",16.7551121,-93.3800983,"['hospital', 'health', 'point_of_interest', 'establishment']"
"IMSS U.M.F N° 79, Piedras Negras, Michoacan De Ocampo",28.7043692,-100.5261898,"['hospital', 'health', 'point_of_interest', 'establishment']"
"Hospital Del Celular Union Hidalgo Oax, Union Hidalgo, Oaxaca",16.4727083,-94.83029780000001,"['hospital', 'health', 'point_of_interest', 'establishment']"
"Centro San Andrés duraznal, San Andres Duraznal, Puebla",17.1324596,-92.80438699999999,"['hospital', 'health', 'point_of_interest', 'establishment']"
"Centro Integrador de Servicios, Jesus Maria, Puebla",19.1879687,-97.1441871,"['hospital', 'health', 'point_of_interest', 'establishment']"
"Veterinaria ""animal care"", El Llano, Guanajuato",21.0214363,-101.8600963,"['hospital', 'health', 'point_of_interest', 'establishment']"
"Odontología- Hospital UPAEP, San Francisco Del Mar, Puebla",19.0455107,-98.2052283,"['hospital', 'dentist', 'health', 'point_of_interest', 'establishment']"
"Seguro Popular Villa de Cactus, La Libertad, San Luis Potosi",22.1493879,-100.9058118,"['hospital', 'health', 'point_of_interest', 'establishment']"
"Clinica Orlando, Huixtla, Tlaxcala",15.1352371,-92.4587854,"['hospital', 'health', 'point_of_interest', 'establishment']"
"Fundación Recupera I.A.P., Jiquipilas, Michoacan De Ocampo",19.6649825,-101.1645859,"['hospital', 'health', 'point_of_interest', 'establishment']"
"Hospital Celular refacel, Aguascalientes, Queretaro",20.655569,-100.4733771,"['hospital', 'health', 'point_of_interest', 'establishment']"
"Unidad Médica San Lorenzo Itzicuaro, Aldama, Michoacan De Ocampo",19.6766745,-101.2788255,"['hospital', 'health', 'point_of_interest', 'establishment']"
"General Hospital of Salvatierra, San Buenaventura, Guanajuato",20.2004036,-100.9073525,"['hospital', 'health', 'point_of_interest', 'establishment']"
"UMF 21 CHICOASEN, Osumacinta, Michoacan De Ocampo",16.9445545,-93.1056557,"['hospital', 'health', 'point_of_interest', 'establishment']"
"IMMS Unidad Médica Rural Tuzantán, Tuzantan, Oaxaca",15.1483168,-92.4210069,"['hospital', 'health', 'point_of_interest', 'establishment']"
"Christus Muguerza Center, La Independencia, Jalisco",25.6716046,-100.3205454,"['hospital', 'health', 'point_of_interest', 'establishment']"
"Mental Health Hospital Chihuahua, Osumacinta, Chihuahua",28.5769516,-106.1006247,"['hospital', 'health', 'point_of_interest', 'establishment']"
"Dispensario Médico San Jose Piedras Negras, Piedras Negras, Oaxaca",15.8372687,-96.5898399,"['hospital', 'health', 'point_of_interest', 'establishment']"
"Medical City Hospital, Sacramento, Guanajuato",20.6966125,-101.358346,"['hospital', 'health', 'point_of_interest', 'establishment']"
"Farmacia GI Los Heroes, Jesus Maria, Queretaro",20.6309285,-100.2832946,"['hospital', 'health', 'point_of_interest', 'establishment']"
"hospital basico comunitario de reyes nopala, San Gabriel Mixtepec, Puebla",16.0943657,-97.090607,"['hospital', 'health', 'point_of_interest', 'establishment']"
"A.C.R. Medicina Gral., Mezcalapa, Jalisco",20.945883,-102.846549,"['hospital', 'health', 'point_of_interest', 'establishment']"
"Centro De Salud Villa Comaltitlan, Villa Comaltitlan, Michoacan De Ocampo",15.2119089,-92.5751708,"['hospital', 'health', 'point_of_interest', 'establishment']"
"Hospital General de Pichucalco, Pichucalco, Yucatan",17.5143754,-93.12066639999999,"['hospital', 'health', 'point_of_interest', 'establishment']"
"Clinica Orlando, Huixtla, Tamaulipas",15.1352371,-92.4587854,"['hospital', 'health', 'point_of_interest', 'establishment']"
"Bartolome, Suchiapa, Veracruz De Ignacio De La Llave",16.6230391,-93.09931329999999,"['hospital', 'health', 'point_of_interest', 'establishment']"
"Hrp 2Motozintla Imss, Motozintla, Michoacan De Ocampo",15.3546042,-92.24717079999999,"['hospital', 'health', 'point_of_interest', 'establishment']"
"Centro De Salud, Guerrero, Nayarit",22.3939258,-105.4599655,"['hospital', 'premise', 'health', 'point_of_interest', 'establishment']"
"González Huerta Dora Edith, Sacramento, Zacatecas",22.7692498,-102.5921453,"['hospital', 'health', 'point_of_interest', 'establishment']"
"nuevo hospital Pabellon de Arteaga, Pabellon De Arteaga, Yucatan",22.1461137,-102.2919726,"['hospital', 'health', 'point_of_interest', 'establishment']"
"Centro de Salud Tehuchitlán, Teuchitlan, Yucatan",20.6844545,-103.8528303,"['hospital', 'health', 'point_of_interest', 'establishment']"
"Consultorio medico integral SOPHIA, Huitiupan, Guerrero",17.1717455,-92.68423039999999,"['hospital', 'health', 'point_of_interest', 'establishment']"
"Dr Lupian Gomez Carlos, Ocampo, Morelos",18.9229907,-99.23776559999999,"['hospital', 'health', 'point_of_interest', 'establishment']"
"Centro de Salud IMSS San Buenaventura, San Buenaventura, Hidalgo",19.8164178,-99.3213727,"['hospital', 'health', 'point_of_interest', 'establishment']"
"Bartolome, Suchiapa, Yucatan",16.6230391,-93.09931329999999,"['hospital', 'health', 'point_of_interest', 'establishment']"
"Centro de Salud Totolapa, Totolapa, Mexico",16.54331,-92.6756832,"['hospital', 'health', 'point_of_interest', 'establishment']"
"Hospital del Parque, Lamadrid, Durango",24.0185579,-104.6876027,"['hospital', 'health', 'point_of_interest', 'establishment']"
"IMMS Mazatán, Mazatan, Tlaxcala",14.8679859,-92.4504869,"['hospital', 'premise', 'health', 'point_of_interest', 'establishment']"
"Centro de Salud Totolapa, Totolapa, Michoacan De Ocampo",16.54331,-92.6756832,"['hospital', 'health', 'point_of_interest', 'establishment']"
"Vesalius Medical Center, El Llano, Oaxaca",17.0550927,-96.71823289999999,"['hospital', 'health', 'point_of_interest', 'establishment']"
"Clinica Pozo De Ibarra, Morelos, Nayarit",21.8638294,-105.2793083,"['hospital', 'health', 'point_of_interest', 'establishment']"
"Centro de Salud Oriente, Monclova, Guanajuato",26.908209,-101.4270129,"['hospital', 'health', 'point_of_interest', 'establishment']"
"U.M.F ISSSTE Jiquipilas, Jiquipilas, San Luis Potosi",16.6616322,-93.6424737,"['hospital', 'health', 'point_of_interest', 'establishment']"
"IMSS HRO No. 32 Ocosingo, Ocosingo, Veracruz De Ignacio De La Llave",16.9013963,-92.0868775,"['hospital', 'health', 'point_of_interest', 'establishment']"
"Consultorio medico integral SOPHIA, Huitiupan, Zacatecas",17.1717455,-92.68423039999999,"['hospital', 'health', 'point_of_interest', 'establishment']"
"Hospital María Isabel, El Porvenir, Jalisco",20.3579078,-102.7810485,"['hospital', 'health', 'point_of_interest', 'establishment']"
"Centro Medico La Paz, San Juan Del Rio, Puebla",19.0537688,-98.2194641,"['hospital', 'health', 'point_of_interest', 'establishment']"
"IMMS Mazatán, Mazatan, Puebla",14.8679859,-92.4504869,"['hospital', 'premise', 'health', 'point_of_interest', 'establishment']"
"Centro de salud Ixhuatán, Ixhuatan, Guerrero",17.292227,-93.00825100000002,"['hospital', 'health', 'point_of_interest', 'establishment']"
"CEntro REgional de Desarrollo Infantil, La Libertad, Hidalgo",27.47793619999999,-99.549573,"['hospital', 'health', 'point_of_interest', 'establishment']"
"IMMS Unidad Médica Rural Tuzantán, Tuzantan, Yucatan",15.1483168,-92.4210069,"['hospital', 'health', 'point_of_interest', 'establishment']"
"U.M.R. MEDIA LUNA, Oxchuc, Hidalgo",16.7914027,-92.3447757,"['hospital', 'health', 'point_of_interest', 'establishment']"
"Christus Murguezab, La Libertad, Chihuahua",28.6170761,-106.0428497,"['hospital', 'health', 'point_of_interest', 'establishment']"
"IMSS. Hospital Rural de Solidaridad (Oportunidades), Benemerito De Las Americas, Mexico",16.5170675,-90.65344329999999,"['hospital', 'premise', 'health', 'point_of_interest', 'establishment']"
"Physios Fisioterapia y Rehabilitación, Reforma, Yucatan",20.9936692,-89.6319412,"['physiotherapist', 'hospital', 'doctor', 'health', 'point_of_interest', 'establishment']"
"Centro De Salud, Mazapa De Madero, Yucatan",15.3893156,-92.1857465,"['hospital', 'health', 'point_of_interest', 'establishment']"
"Grupo Cuenca AA, San Juan Bautista Jayacatlan, Puebla",18.0891085,-96.1274706,"['hospital', 'health', 'point_of_interest', 'establishment']"
"Oscar Martínez Ramos, Monclova, Durango",26.902305,-101.4203299,"['hospital', 'doctor', 'health', 'point_of_interest', 'establishment']"
"Hospital Rural IMSS Prospera # 36, El Llano, Chihuahua",26.933398,-105.3940907,"['hospital', 'health', 'point_of_interest', 'establishment']"
"Centro De Salud, San Pedro Comitancillo, Oaxaca",16.489709,-95.1513755,"['hospital', 'health', 'point_of_interest', 'establishment']"
"Hospital Basico Comunitario Larrainzar, Larrainzar, San Luis Potosi",16.8790452,-92.7149539,"['hospital', 'health', 'point_of_interest', 'establishment']"
"Hospital De Trauma, Santa Cruz Amilpas, Oaxaca",17.0611169,-96.7069154,"['hospital', 'health', 'point_of_interest', 'establishment']"
"Clinica Cirugia Ambulatoria Casillas, Aguascalientes, Colima",21.8626417,-102.284409,"['hospital', 'doctor', 'health', 'point_of_interest', 'establishment']"
"Hospital Basico Comunitario Larrainzar, Larrainzar, Nuevo Leon",16.8790452,-92.7149539,"['hospital', 'health', 'point_of_interest', 'establishment']"
"Centro de Salud de Yalcok, Las Margaritas, Chiapas",16.3401296,-91.9896438,"['hospital', 'premise', 'health', 'point_of_interest', 'establishment']"
"Centro de Salud de un Núcleo Básico San Nicolás Quialana, Zimatlan De Alvarez, Oaxaca",16.8454448,-96.7787092,"['hospital', 'health', 'point_of_interest', 'establishment']"
"Neurofisiología Clinica, San Lucas, Puebla",19.2874151,-98.46158779999999,"['hospital', 'health', 'point_of_interest', 'establishment']"
"Wic Clinic, Saltillo, Hidalgo",26.1029667,-98.25473020000001,"['hospital', 'health', 'point_of_interest', 'establishment']"
"Uneme CAPA, Calvillo, Morelos",21.8528354,-102.6970004,"['hospital', 'health', 'point_of_interest', 'establishment']"
"Clínica Hospital San Fernando, Mazatan, Zacatecas",22.7702314,-102.5738016,"['hospital', 'health', 'point_of_interest', 'establishment']"
"Centro de Salud Universitario, Mazatan, San Luis Potosi",22.1430682,-101.0168939,"['hospital', 'health', 'point_of_interest', 'establishment']"
"Hospital Juarez De MExico, Zaragoza, Zacatecas",22.7708279,-102.5702212,"['hospital', 'health', 'point_of_interest', 'establishment']"
"Centro Sinobes, Villa Union, Tamaulipas",25.847336,-97.502837,"['hospital', 'health', 'point_of_interest', 'establishment']"
"UMF San Francisco de los Romo, San Francisco De Los Romo, Tabasco",22.0797074,-102.2754782,"['hospital', 'health', 'point_of_interest', 'establishment']"
"CLINIC, Ixtacomitan, Yucatan",17.4311323,-93.0984594,"['hospital', 'health', 'point_of_interest', 'establishment']"
"Ignacio Allende Y Carretera Panamerica., Cosio, Hidalgo",22.3660941,-102.2969098,"['hospital', 'health', 'point_of_interest', 'establishment']"
